filename,sha256
ack_scan.txt,94c5ffb921560306e0a3834f1e3f6c3d8aff7ddd3c28d001cdb4021168aecbf1
aggressive_scan.txt,2e9c79ec4a9b4153098351e3df4186bc87fcefb2cfae5b6a30efa961d186ae20
fin_scan.txt,ef8cecab728420a68f7d462e6b1609135031c3d2f63b8246e63f709ed257763c
host_discovery.txt,30a2b83a7d4e85043d8b2ca596d87bf8aa0698501098acb3325d6674b2c3f71f
metasploitable_full.gnmap,e5e77991082636599f700dd4c679bdf775e7bb805230dca6f1e86111ac93ba65
metasploitable_full.nmap,eeb1f1c2b5a934c6bc808918da647b736bcfa7bb44cdf96c70c696eed57bdc98
metasploitable_full.xml,f7a123128d4f7f9f7eade41f1ac6c56c2b472d1fddb8a4ace067afd0efded783
ms17_010.txt,6f7977b2527f5e30cc5237b015182c4db01c9a2a634dafbbef8ca2ded9d8760d
null_scan.txt,83b015d81c7e3a317f7fb8eac3bb3f6f8e8dd7f21e463467714c1313a1442786
os_detection.txt,825449348b4b7f1a30da6d5f12005aa6a28364947db577ea250fc84c2a8a0030
service_version.txt,f0e883b24eeb402fab3b9ec32fd367f1abb2fccc62042e9869fb7af1939323fa
smb_os_discovery.txt,216ea644e0bd45928886fd1d95db10a98a8b644397c1a7aca0d5025a993f297d
syn_scan.txt,fa367eb2c18856a432ab1f9572879490f1f58b9e1868954898d37befee1b0c26
tcp_connect.txt,064de9caa8f16ee1c52f2e8dbbc689e77debdcb8d2afe101b5c8d776fefc613f
udp_scan.txt,83188a5416739827d3ece2bd165d0058c4b1220bc04ae8b2f61ea8314b04b6d7
window_before.txt,ff01b603804e2d96a86d585d67f2f08b1543d5cd825ff67e1df90ee51316d3b0
windows_after.txt,d6929f2d540c70b973ae08e84d7435b08b83c8964349627bc66779aec29dc8af
xmas_scan.txt,2adb1e510c87e3c12a85462c7c58696cd46cc27896c1afdc350679554ef848a8
